3067,0,1,0.01
3068,0,1,0.01
3069,0,1,0.01
3070,0,1,0.01
3071,1,1,0.01
3072,1,1,0.01
3073,1,1,0.01
3074,1,1,0.01
3075,1,1,0.01
3076,1,1,0.01
3077,1,1,0.01
3078,1,1,0.01
3079,1,1,0.01
3080,1,1,0.01
3081,0,1,0.01
3082,0,1,0.01
3083,0,1,0.01
3084,0,1,0.01
3085,0,1,0.01
3086,0,1,0.01
3087,0,1,0.01
3088,0,1,0.01
3089,0,1,0.01
3090,0,1,0.01
3091,1,1,0.01
3092,1,1,0.01
3093,1,1,0.01
3094,1,1,0.01
3095,1,1,0.01
3096,1,1,0.01
3097,1,1,0.01
3098,1,1,0.01
3099,1,1,0.01
3100,1,1,0.01
3101,0,1,0.01
3102,0,1,0.01
3103,0,1,0.01
3104,0,1,0.01
3105,0,1,0.01
3106,0,1,0.01
3107,0,1,0.01
3108,0,1,0.01
3109,0,1,0.01
3110,0,1,0.01
3111,1,1,0.01
3112,1,1,0.01
3113,1,1,0.01
3114,1,1,0.01
3115,1,1,0.01
3116,1,1,0.01
3117,1,1,0.01
3118,1,1,0.01
3119,1,1,0.01
3120,1,1,0.01
3121,0,1,0.01
3122,0,1,0.01
3123,0,1,0.01
3124,0,1,0.01
3125,0,1,0.01
3126,0,1,0.01
3127,0,1,0.01
3128,0,1,0.01
3129,0,1,0.01
3130,0,1,0.01
3131,1,1,0.01
3132,1,1,0.01
3133,1,1,0.01
3134,1,1,0.01
3135,1,1,0.01
3136,1,1,0.01
3137,1,1,0.01
3138,1,1,0.01
3139,1,1,0.01
3140,1,1,0.01
3141,0,1,0.01
3142,0,1,0.01
3143,0,1,0.01
3144,0,1,0.01
3145,0,1,0.01
3146,0,1,0.01
3147,0,1,0.01
3148,0,1,0.01
3149,0,1,0.01
3150,0,1,0.01
3151,1,1,0.01
3152,1,1,0.01
3153,1,1,0.01
3154,1,1,0.01
3155,1,1,0.01
3156,1,1,0.01
3157,1,1,0.01
3158,1,1,0.01
3159,1,1,0.01
3160,1,1,0.01
3161,0,1,0.01
3162,0,1,0.01
3163,0,1,0.01
3164,0,1,0.01
3165,0,1,0.01
3166,0,1,0.01
3167,0,1,0.01
3168,0,1,0.01
3169,0,1,0.01
3170,0,1,0.01
3171,1,1,0.01
3172,1,1,0.01
3173,1,1,0.01
3174,1,1,0.01
3175,1,1,0.01
3176,1,1,0.01
3177,1,1,0.01
3178,1,1,0.01
3179,1,1,0.01
3180,1,1,0.01
3181,0,1,0.01
3182,0,1,0.01
3183,0,1,0.01
3184,0,1,0.01
3185,0,1,0.01
3186,0,1,0.01
3187,0,1,0.01
3188,0,1,0.01
3189,0,1,0.01
3190,0,1,0.01
3191,1,1,0.01
3192,1,1,0.01
3193,1,1,0.01
3194,1,1,0.01
3195,1,1,0.01
3196,1,1,0.01
3197,1,1,0.01
3198,1,1,0.01
3199,1,1,0.01
3200,1,1,0.01
3201,0,1,0.01
3202,0,1,0.01
3203,0,1,0.01
3204,0,1,0.01
3205,0,1,0.01
3206,0,1,0.01
3207,0,1,0.01
3208,0,1,0.01
3209,0,1,0.01
3210,0,1,0.01
3211,1,1,0.01
3212,1,1,0.01
3213,1,1,0.01
3214,1,1,0.01
3215,1,1,0.01
3216,1,1,0.01
3217,1,1,0.01
3218,1,1,0.01
3219,1,1,0.01
3220,1,1,0.01
3221,0,1,0.01
3222,0,1,0.01
3223,0,1,0.01
3224,0,1,0.01
3225,0,1,0.01
3226,0,1,0.01
3227,0,1,0.01
3228,0,1,0.01
3229,0,1,0.01
3230,0,1,0.01
3231,1,1,0.01
3232,1,1,0.01
3233,1,1,0.01
3234,1,1,0.01
3235,1,1,0.01
3236,1,1,0.01
3237,1,1,0.01
3238,1,1,0.01
3239,1,1,0.01
3240,1,1,0.01
3241,0,1,0.01
3242,0,1,0.01
3243,0,1,0.01
3244,0,1,0.01
3245,0,1,0.01
3246,0,1,0.01
3247,0,1,0.01
3248,0,1,0.01
3249,0,1,0.01
3250,0,1,0.01
3251,1,1,0.01
3252,1,1,0.01
3253,1,1,0.01
3254,1,1,0.01
3255,1,1,0.01
3256,1,1,0.01
3257,1,1,0.01
3258,1,1,0.01
3259,1,1,0.01
3260,1,1,0.01
3261,0,1,0.01
3262,0,1,0.01
3263,0,1,0.01
3264,0,1,0.01
3265,0,1,0.01
3266,0,1,0.01
3267,0,1,0.01
3268,0,1,0.01
3269,0,1,0.01
3270,0,1,0.01
3271,1,1,0.01
3272,1,1,0.01
3273,1,1,0.01
3274,1,1,0.01
3275,1,1,0.01
3276,1,1,0.01
3277,1,1,0.01
3278,1,1,0.01
3279,1,1,0.01
3280,1,1,0.01
3281,0,1,0.01
3282,0,1,0.01
3283,0,1,0.01
3284,0,1,0.01
3285,0,1,0.01
3286,0,1,0.01
3287,0,1,0.01
3288,0,1,0.01
3289,0,1,0.01
3290,0,1,0.01
3291,1,1,0.01
3292,1,1,0.01
3293,1,1,0.01
3294,1,1,0.01
3295,1,1,0.01
3296,1,1,0.01
3297,1,1,0.01
3298,1,1,0.01
3299,1,1,0.01
3300,1,1,0.01
3301,0,1,0.01
3302,0,1,0.01
3303,0,1,0.01
3304,0,1,0.01
3305,0,1,0.01
3306,0,1,0.01
3307,0,1,0.01
3308,0,1,0.01
3309,0,1,0.01
3310,0,1,0.01
3311,1,1,0.01
3312,1,1,0.01
3313,1,1,0.01
3314,1,1,0.01
3315,1,1,0.01
3316,1,1,0.01
3317,1,1,0.01
3318,1,1,0.01
3319,1,1,0.01
3320,1,1,0.01
3321,0,1,0.01
3322,0,1,0.01
3323,0,1,0.01
3324,0,1,0.01
3325,0,1,0.01
3326,0,1,0.01
3327,0,1,0.01
3328,0,1,0.01
3329,0,1,0.01
3330,0,1,0.01
3331,1,1,0.01
3332,1,1,0.01
3333,1,1,0.01
3334,1,1,0.01
3335,1,1,0.01
3336,1,1,0.01
3337,1,1,0.01
3338,1,1,0.01
3339,1,1,0.01
3340,1,1,0.01
3341,0,1,0.01
3342,0,1,0.01
3343,0,1,0.01
3344,0,1,0.01
3345,0,1,0.01
3346,0,1,0.01
3347,0,1,0.01
3348,0,1,0.01
3349,0,1,0.01
3350,0,1,0.01
3351,1,1,0.01
3352,1,1,0.01
3353,1,1,0.01
3354,1,1,0.01
3355,1,1,0.01
3356,1,1,0.01
3357,1,1,0.01
3358,1,1,0.01
3359,1,1,0.01
3360,1,1,0.01
3361,0,1,0.01
3362,0,1,0.01
3363,0,1,0.01
3364,0,1,0.01
3365,0,1,0.01
3366,0,1,0.01
3367,0,1,0.01
3368,0,1,0.01
3369,0,1,0.01
3370,0,1,0.01
3371,1,1,0.01
3372,1,1,0.01
3373,1,1,0.01
3374,1,1,0.01
3375,1,1,0.01
3376,1,1,0.01
3377,1,1,0.01
3378,1,1,0.01
3379,1,1,0.01
3380,1,1,0.01
3381,0,1,0.01
3382,0,1,0.01
3383,0,1,0.01
3384,0,1,0.01
3385,0,1,0.01
3386,0,1,0.01
3387,0,1,0.01
3388,0,1,0.01
3389,0,1,0.01
3390,0,1,0.01
3391,1,1,0.01
3392,1,1,0.01
3393,1,1,0.01
3394,1,1,0.01
3395,1,1,0.01
3396,1,1,0.01
3397,1,1,0.01
3398,1,1,0.01
3399,1,1,0.01
3400,1,1,0.01
3401,0,1,0.01
3402,0,1,0.01
3403,0,1,0.01
3404,0,1,0.01
3405,0,1,0.01
3406,0,1,0.01
3407,0,1,0.01
3408,0,1,0.01
3409,0,1,0.01
3410,0,1,0.01
3411,1,1,0.01
3412,1,1,0.01
3413,1,1,0.01
3414,1,1,0.01
3415,1,1,0.01
3416,1,1,0.01
3417,1,1,0.01
3418,1,1,0.01
3419,1,1,0.01
3420,1,1,0.01
3421,0,1,0.01
3422,0,1,0.01
3423,0,1,0.01
3424,0,1,0.01
3425,0,1,0.01
3426,0,1,0.01
3427,0,1,0.01
3428,0,1,0.01
3429,0,1,0.01
3430,0,1,0.01
3431,1,1,0.01
3432,1,1,0.01
3433,1,1,0.01
3434,1,1,0.01
3435,1,1,0.01
3436,1,1,0.01
3437,1,1,0.01
3438,1,1,0.01
3439,1,1,0.01
3440,1,1,0.01
3441,0,1,0.01
3442,0,1,0.01
3443,0,1,0.01
3444,0,1,0.01
3445,0,1,0.01
3446,0,1,0.01
3447,0,1,0.01
3448,0,1,0.01
3449,0,1,0.01
3450,0,1,0.01
3451,1,1,0.01
3452,1,1,0.01
3453,1,1,0.01
3454,1,1,0.01
3455,1,1,0.01
3456,1,1,0.01
3457,1,1,0.01
3458,1,1,0.01
3459,1,1,0.01
3460,1,1,0.01
3461,0,1,0.01
3462,0,1,0.01
3463,0,1,0.01
3464,0,1,0.01
3465,0,1,0.01
3466,0,1,0.01
3467,0,1,0.01
3468,0,1,0.01
3469,0,1,0.01
3470,0,1,0.01
3471,1,1,0.01
3472,1,1,0.01
3473,1,1,0.01
3474,1,1,0.01
3475,1,1,0.01
3476,1,1,0.01
3477,1,1,0.01
3478,1,1,0.01
3479,1,1,0.01
3480,1,1,0.01
3481,0,1,0.01
3482,0,1,0.01
3483,0,1,0.01
3484,0,1,0.01
3485,0,1,0.01
3486,0,1,0.01
3487,0,1,0.01
3488,0,1,0.01
3489,0,1,0.01
3490,0,1,0.01
3491,1,1,0.01
3492,1,1,0.01
3493,1,1,0.01
3494,1,1,0.01
3495,1,1,0.01
3496,1,1,0.01
3497,1,1,0.01
3498,1,1,0.01
3499,1,1,0.01
3500,1,1,0.01
3501,0,1,0.01
3502,0,1,0.01
3503,0,1,0.01
3504,0,1,0.01
3505,0,1,0.01
3506,0,1,0.01
3507,0,1,0.01
3508,0,1,0.01
3509,0,1,0.01
3510,0,1,0.01
3511,1,1,0.01
3512,1,1,0.01
3513,1,1,0.01
3514,1,1,0.01
3515,1,1,0.01
3516,1,1,0.01
3517,1,1,0.01
3518,1,1,0.01
3519,1,1,0.01
3520,1,1,0.01
3521,0,1,0.01
3522,0,1,0.01
3523,0,1,0.01
3524,0,1,0.01
3525,0,1,0.01
3526,0,1,0.01
3527,0,1,0.01
3528,0,1,0.01
3529,0,1,0.01
3530,0,1,0.01
3531,1,1,0.01
3532,1,1,0.01
3533,1,1,0.01
3534,1,1,0.01
3535,1,1,0.01
3536,1,1,0.01
3537,1,1,0.01
3538,1,1,0.01
3539,1,1,0.01
3540,1,1,0.01
3541,0,1,0.01
3542,0,1,0.01
3543,0,1,0.01
3544,0,1,0.01
3545,0,1,0.01
3546,0,1,0.01
3547,0,1,0.01
3548,0,1,0.01
3549,0,1,0.01
3550,0,1,0.01
3551,1,1,0.01
3552,1,1,0.01
3553,1,1,0.01
3554,1,1,0.01
3555,1,1,0.01
3556,1,1,0.01
3557,1,1,0.01
3558,1,1,0.01
3559,1,1,0.01
3560,1,1,0.01
3561,0,1,0.01
3562,0,1,0.01
3563,0,1,0.01
3564,0,1,0.01
3565,0,1,0.01
3566,0,1,0.01
3567,0,1,0.01
3568,0,1,0.01
3569,0,1,0.01
3570,0,1,0.01
3571,1,1,0.01
3572,1,1,0.01
3573,1,1,0.01
3574,1,1,0.01
3575,1,1,0.01
3576,1,1,0.01
3577,1,1,0.01
3578,1,1,0.01
3579,1,1,0.01
3580,1,1,0.01
3581,0,1,0.01
3582,0,1,0.01
3583,0,1,0.01
3584,0,1,0.01
3585,0,1,0.01
3586,0,1,0.01
3587,0,1,0.01
3588,0,1,0.01
3589,0,1,0.01
3590,0,1,0.01
3591,1,1,0.01
3592,1,1,0.01
3593,1,1,0.01
3594,1,1,0.01
3595,1,1,0.01
3596,1,1,0.01
3597,1,1,0.01
3598,1,1,0.01
3599,1,1,0.01
3600,1,1,0.01
3601,0,1,0.01
3602,0,1,0.01
3603,0,1,0.01
3604,0,1,0.01
3605,0,1,0.01
3606,0,1,0.01
3607,0,1,0.01
3608,0,1,0.01
3609,0,1,0.01
3610,0,1,0.01
3611,1,1,0.01
3612,1,1,0.01
3613,1,1,0.01
3614,1,1,0.01
3615,1,1,0.01
3616,1,1,0.01
3617,1,1,0.01
3618,1,1,0.01
3619,1,1,0.01
3620,1,1,0.01
3621,0,1,0.01
3622,0,1,0.01
3623,0,1,0.01
3624,0,1,0.01
3625,0,1,0.01
3626,0,1,0.01
3627,0,1,0.01
3628,0,1,0.01
3629,0,1,0.01
3630,0,1,0.01
3631,1,1,0.01
3632,1,1,0.01
3633,1,1,0.01
3634,1,1,0.01
3635,1,1,0.01
3636,1,1,0.01
3637,1,1,0.01
3638,1,1,0.01
3639,1,1,0.01
3640,1,1,0.01
3641,0,1,0.01
3642,0,1,0.01
3643,0,1,0.01
3644,0,1,0.01
3645,0,1,0.01
3646,0,1,0.01
3647,0,1,0.01
3648,0,1,0.01
3649,0,1,0.01
3650,0,1,0.01
3651,1,1,0.01
3652,1,1,0.01
3653,1,1,0.01
3654,1,1,0.01
3655,1,1,0.01
3656,1,1,0.01
3657,1,1,0.01
3658,1,1,0.01
3659,1,1,0.01
3660,1,1,0.01
3661,0,1,0.01
3662,0,1,0.01
3663,0,1,0.01
3664,0,1,0.01
3665,0,1,0.01
3666,0,1,0.01
3667,0,1,0.01
3668,0,1,0.01
3669,0,1,0.01
3670,0,1,0.01
3671,1,1,0.01
3672,1,1,0.01
3673,1,1,0.01
3674,1,1,0.01
3675,1,1,0.01
3676,1,1,0.01
3677,1,1,0.01
3678,1,1,0.01
3679,1,1,0.01
3680,1,1,0.01
3681,0,1,0.01
3682,0,1,0.01
3683,0,1,0.01
3684,0,1,0.01
3685,0,1,0.01
3686,0,1,0.01
3687,0,1,0.01
3688,0,1,0.01
3689,0,1,0.01
3690,0,1,0.01
3691,1,1,0.01
3692,1,1,0.01
3693,1,1,0.01
3694,1,1,0.01
3695,1,1,0.01
3696,1,1,0.01
3697,1,1,0.01
3698,1,1,0.01
3699,1,1,0.01
3700,1,1,0.01
3701,0,1,0.01
3702,0,1,0.01
3703,0,1,0.01
3704,0,1,0.01
3705,0,1,0.01
3706,0,1,0.01
3707,0,1,0.01
3708,0,1,0.01
3709,0,1,0.01
3710,0,1,0.01
3711,1,1,0.01
3712,1,1,0.01
3713,1,1,0.01
3714,1,1,0.01
3715,1,1,0.01
3716,1,1,0.01
3717,1,1,0.01
3718,1,1,0.01
3719,1,1,0.01
3720,1,1,0.01
3721,0,1,0.01
3722,0,1,0.01
3723,0,1,0.01
3724,0,1,0.01
3725,0,1,0.01
3726,0,1,0.01
3727,0,1,0.01
3728,0,1,0.01
3729,0,1,0.01
3730,0,1,0.01
3731,1,1,0.01
3732,1,1,0.01
3733,1,1,0.01
3734,1,1,0.01
3735,1,1,0.01
3736,1,1,0.01
3737,1,1,0.01
3738,1,1,0.01
3739,1,1,0.01
3740,1,1,0.01
3741,0,1,0.01
3742,0,1,0.01
3743,0,1,0.01
3744,0,1,0.01
3745,0,1,0.01
3746,0,1,0.01
3747,0,1,0.01
3748,0,1,0.01
3749,0,1,0.01
3750,0,1,0.01
3751,1,1,0.01
3752,1,1,0.01
3753,1,1,0.01
3754,1,1,0.01
3755,1,1,0.01
3756,1,1,0.01
3757,1,1,0.01
3758,1,1,0.01
3759,1,1,0.01
3760,1,1,0.01
3761,0,1,0.01
3762,0,1,0.01
3763,0,1,0.01
3764,0,1,0.01
3765,0,1,0.01
3766,0,1,0.01
3767,0,1,0.01
3768,0,1,0.01
3769,0,1,0.01
3770,0,1,0.01
3771,1,1,0.01
3772,1,1,0.01
3773,1,1,0.01
3774,1,1,0.01
3775,1,1,0.01
3776,1,1,0.01
3777,1,1,0.01
3778,1,1,0.01
3779,1,1,0.01
3780,1,1,0.01
3781,0,1,0.01
3782,0,1,0.01
3783,0,1,0.01
3784,0,1,0.01
3785,0,1,0.01
3786,0,1,0.01
3787,0,1,0.01
3788,0,1,0.01
3789,0,1,0.01
3790,0,1,0.01
3791,1,1,0.01
3792,1,1,0.01
3793,1,1,0.01
3794,1,1,0.01
3795,1,1,0.01
3796,1,1,0.01
3797,1,1,0.01
3798,1,1,0.01
3799,1,1,0.01
3800,1,1,0.01
3801,0,1,0.01
3802,0,1,0.01
3803,0,1,0.01
3804,0,1,0.01
3805,0,1,0.01
3806,0,1,0.01
3807,0,1,0.01
3808,0,1,0.01
3809,0,1,0.01
3810,0,1,0.01
3811,1,1,0.01
3812,1,1,0.01
3813,1,1,0.01
3814,1,1,0.01
3815,1,1,0.01
3816,1,1,0.01
3817,1,1,0.01
3818,1,1,0.01
3819,1,1,0.01
3820,1,1,0.01
3821,0,1,0.01
3822,0,1,0.01
3823,0,1,0.01
3824,0,1,0.01
3825,0,1,0.01
3826,0,1,0.01
3827,0,1,0.01
3828,0,1,0.01
3829,0,1,0.01
3830,0,1,0.01
3831,1,1,0.01
3832,1,1,0.01
3833,1,1,0.01
3834,1,1,0.01
3835,1,1,0.01
3836,1,1,0.01
3837,1,1,0.01
3838,1,1,0.01
3839,1,1,0.01
3840,1,1,0.01
3841,0,1,0.01
3842,0,1,0.01
3843,0,1,0.01
3844,0,1,0.01
3845,0,1,0.01
3846,0,1,0.01
3847,0,1,0.01
3848,0,1,0.01
3849,0,1,0.01
3850,0,1,0.01
3851,1,1,0.01
3852,1,1,0.01
3853,1,1,0.01
3854,1,1,0.01
3855,1,1,0.01
3856,1,1,0.01
3857,1,1,0.01
3858,1,1,0.01
3859,1,1,0.01
3860,1,1,0.01
3861,0,1,0.01
3862,0,1,0.01
3863,0,1,0.01
3864,0,1,0.01
3865,0,1,0.01
3866,0,1,0.01
3867,0,1,0.01
3868,0,1,0.01
3869,0,1,0.01
3870,0,1,0.01
3871,1,1,0.01
3872,1,1,0.01
3873,1,1,0.01
3874,1,1,0.01
3875,1,1,0.01
3876,1,1,0.01
3877,1,1,0.01
3878,1,1,0.01
3879,1,1,0.01
3880,1,1,0.01
3881,0,1,0.01
3882,0,1,0.01
3883,0,1,0.01
3884,0,1,0.01
3885,0,1,0.01
3886,0,1,0.01
3887,0,1,0.01
3888,0,1,0.01
3889,0,1,0.01
3890,0,1,0.01
3891,1,1,0.01
3892,1,1,0.01
3893,1,1,0.01
3894,1,1,0.01
3895,1,1,0.01
3896,1,1,0.01
3897,1,1,0.01
3898,1,1,0.01
3899,1,1,0.01
3900,1,1,0.01
3901,0,1,0.01
3902,0,1,0.01
3903,0,1,0.01
3904,0,1,0.01
3905,0,1,0.01
3906,0,1,0.01
3907,0,1,0.01
3908,0,1,0.01
3909,0,1,0.01
3910,0,1,0.01
3911,1,1,0.01
3912,1,1,0.01
3913,1,1,0.01
3914,1,1,0.01
3915,1,1,0.01
3916,1,1,0.01
3917,1,1,0.01
3918,1,1,0.01
3919,1,1,0.01
3920,1,1,0.01
3921,0,1,0.01
3922,0,1,0.01
3923,0,1,0.01
3924,0,1,0.01
3925,0,1,0.01
3926,0,1,0.01
3927,0,1,0.01
3928,0,1,0.01
3929,0,1,0.01
3930,0,1,0.01
3931,1,1,0.01
3932,1,1,0.01
3933,1,1,0.01
3934,1,1,0.01
3935,1,1,0.01
3936,1,1,0.01
3937,1,1,0.01
3938,1,1,0.01
3939,1,1,0.01
3940,1,1,0.01
3941,0,1,0.01
3942,0,1,0.01
3943,0,1,0.01
3944,0,1,0.01
3945,0,1,0.01
3946,0,1,0.01
3947,0,1,0.01
3948,0,1,0.01
3949,0,1,0.01
3950,0,1,0.01
3951,1,1,0.01
3952,1,1,0.01
3953,1,1,0.01
3954,1,1,0.01
3955,1,1,0.01
3956,1,1,0.01
3957,1,1,0.01
3958,1,1,0.01
3959,1,1,0.01
3960,1,1,0.01
3961,0,1,0.01
3962,0,1,0.01
3963,0,1,0.01
3964,0,1,0.01
3965,0,1,0.01
3966,0,1,0.01
3967,0,1,0.01
3968,0,1,0.01
3969,0,1,0.01
3970,0,1,0.01
3971,1,1,0.01
3972,1,1,0.01
3973,1,1,0.01
3974,1,1,0.01
3975,1,1,0.01
3976,1,1,0.01
3977,1,1,0.01
3978,1,1,0.01
3979,1,1,0.01
3980,1,1,0.01
3981,0,1,0.01
3982,0,1,0.01
3983,0,1,0.01
3984,0,1,0.01
3985,0,1,0.01
3986,0,1,0.01
3987,0,1,0.01
3988,0,1,0.01
3989,0,1,0.01
3990,0,1,0.01
3991,1,1,0.01
3992,1,1,0.01
3993,1,1,0.01
3994,1,1,0.01
3995,1,1,0.01
3996,1,1,0.01
3997,1,1,0.01
3998,1,1,0.01
3999,1,1,0.01
4000,1,1,0.01
4001,0,1,0.01
4002,0,1,0.01
4003,0,1,0.01
4004,0,1,0.01
4005,0,1,0.01
4006,0,1,0.01
4007,0,1,0.01
4008,0,1,0.01
4009,0,1,0.01
4010,0,1,0.01
4011,1,1,0.01
4012,1,1,0.01
4013,1,1,0.01
4014,1,1,0.01
4015,1,1,0.01
4016,1,1,0.01
4017,1,1,0.01
4018,1,1,0.01
4019,1,1,0.01
4020,1,1,0.01
4021,0,1,0.01
4022,0,1,0.01
4023,0,1,0.01
4024,0,1,0.01
4025,0,1,0.01
4026,0,1,0.01
4027,0,1,0.01
4028,0,1,0.01
4029,0,1,0.01
4030,0,1,0.01
4031,1,1,0.01
4032,1,1,0.01
4033,1,1,0.01
4034,1,1,0.01
4035,1,1,0.01
4036,1,1,0.01
4037,1,1,0.01
4038,1,1,0.01
4039,1,1,0.01
4040,1,1,0.01
4041,0,1,0.01
4042,0,1,0.01
4043,0,1,0.01
4044,0,1,0.01
4045,0,1,0.01
4046,0,1,0.01
4047,0,1,0.01
4048,0,1,0.01
4049,0,1,0.01
4050,0,1,0.01
4051,1,1,0.01
4052,1,1,0.01
4053,1,1,0.01
4054,1,1,0.01
4055,1,1,0.01
4056,1,1,0.01
4057,1,1,0.01
4058,1,1,0.01
4059,1,1,0.01
4060,1,1,0.01
4061,0,1,0.01
4062,0,1,0.01
4063,0,1,0.01
4064,0,1,0.01
4065,0,1,0.01
4066,0,1,0.01
4067,0,1,0.01
4068,0,1,0.01
4069,0,1,0.01
4070,0,1,0.01
4071,1,1,0.01
4072,1,1,0.01
4073,1,1,0.01
4074,1,1,0.01
4075,1,1,0.01
4076,1,1,0.01
4077,1,1,0.01
4078,1,1,0.01
4079,1,1,0.01
4080,1,1,0.01
4081,0,1,0.01
4082,0,1,0.01
4083,0,1,0.01
4084,0,1,0.01
4085,0,1,0.01
4086,0,1,0.01
4087,0,1,0.01
4088,0,1,0.01
4089,0,1,0.01
4090,0,1,0.01
4091,1,1,0.01
4092,1,1,0.01
4093,1,1,0.01
4094,1,1,0.01
4095,1,1,0.01
4096,1,1,0.01
4097,1,1,0.01
4098,1,1,0.01
4099,1,1,0.01
4100,1,1,0.01
4101,0,1,0.01
4102,0,1,0.01
4103,0,1,0.01
4104,0,1,0.01
4105,0,1,0.01
4106,0,1,0.01
4107,0,1,0.01
4108,0,1,0.01
4109,0,1,0.01
4110,0,1,0.01
4111,1,1,0.01
4112,1,1,0.01
4113,1,1,0.01
4114,1,1,0.01
4115,1,1,0.01
4116,1,1,0.01
4117,1,1,0.01
4118,1,1,0.01
4119,1,1,0.01
4120,1,1,0.01
4121,0,1,0.01
4122,0,1,0.01
4123,0,1,0.01
4124,0,1,0.01
4125,0,1,0.01
4126,0,1,0.01
4127,0,1,0.01
4128,0,1,0.01
4129,0,1,0.01
4130,0,1,0.01
4131,1,1,0.01
4132,1,1,0.01
4133,1,1,0.01
4134,1,1,0.01
4135,1,1,0.01
4136,1,1,0.01
4137,1,1,0.01
4138,1,1,0.01
4139,1,1,0.01
4140,1,1,0.01
4141,0,1,0.01
4142,0,1,0.01
4143,0,1,0.01
4144,0,1,0.01
4145,0,1,0.01
4146,0,1,0.01
4147,0,1,0.01
4148,0,1,0.01
4149,0,1,0.01
4150,0,1,0.01
4151,1,1,0.01
4152,1,1,0.01
4153,1,1,0.01
4154,1,1,0.01
4155,1,1,0.01
4156,1,1,0.01
4157,1,1,0.01
4158,1,1,0.01
4159,1,1,0.01
4160,1,1,0.01
4161,0,1,0.01
4162,0,1,0.01
4163,0,1,0.01
4164,0,1,0.01
4165,0,1,0.01
4166,0,1,0.01
4167,0,1,0.01
4168,0,1,0.01
4169,0,1,0.01
4170,0,1,0.01
4171,1,1,0.01
4172,1,1,0.01
4173,1,1,0.01
4174,1,1,0.01
4175,1,1,0.01
4176,1,1,0.01
4177,1,1,0.01
4178,1,1,0.01
4179,1,1,0.01
4180,1,1,0.01
4181,0,1,0.01
4182,0,1,0.01
4183,0,1,0.01
4184,0,1,0.01
4185,0,1,0.01
4186,0,1,0.01
4187,0,1,0.01
4188,0,1,0.01
4189,0,1,0.01
4190,0,1,0.01
4191,1,1,0.01
4192,1,1,0.01
4193,1,1,0.01
4194,1,1,0.01
4195,1,1,0.01
4196,1,1,0.01
4197,1,1,0.01
4198,1,1,0.01
4199,1,1,0.01
4200,1,1,0.01
4201,0,1,0.01
4202,0,1,0.01
4203,0,1,0.01
4204,0,1,0.01
4205,0,1,0.01
4206,0,1,0.01
4207,0,1,0.01
4208,0,1,0.01
4209,0,1,0.01
4210,0,1,0.01
4211,1,1,0.01
4212,1,1,0.01
4213,1,1,0.01
4214,1,1,0.01
4215,1,1,0.01
4216,1,1,0.01
4217,1,1,0.01
4218,1,1,0.01
4219,1,1,0.01
4220,1,1,0.01
4221,0,1,0.01
4222,0,1,0.01
4223,0,1,0.01
4224,0,1,0.01
4225,0,1,0.01
4226,0,1,0.01
4227,0,1,0.01
4228,0,1,0.01
4229,0,1,0.01
4230,0,1,0.01
4231,1,1,0.01
4232,1,1,0.01
4233,1,1,0.01
4234,1,1,0.01
4235,1,1,0.01
4236,1,1,0.01
4237,1,1,0.01
4238,1,1,0.01
4239,1,1,0.01
4240,1,1,0.01
4241,0,1,0.01
4242,0,1,0.01
4243,0,1,0.01
4244,0,1,0.01
4245,0,1,0.01
4246,0,1,0.01
4247,0,1,0.01
4248,0,1,0.01
4249,0,1,0.01
4250,0,1,0.01
4251,1,1,0.01
4252,1,1,0.01
4253,1,1,0.01
4254,1,1,0.01
4255,1,1,0.01
4256,1,1,0.01
4257,1,1,0.01
4258,1,1,0.01
4259,1,1,0.01
4260,1,1,0.01
4261,0,1,0.01
4262,0,1,0.01
4263,0,1,0.01
4264,0,1,0.01
4265,0,1,0.01
4266,0,1,0.01
4267,0,1,0.01
4268,0,1,0.01
4269,0,1,0.01
4270,0,1,0.01
4271,1,1,0.01
4272,1,1,0.01
4273,1,1,0.01
4274,1,1,0.01
4275,1,1,0.01
4276,1,1,0.01
4277,1,1,0.01
4278,1,1,0.01
4279,1,1,0.01
4280,1,1,0.01
4281,0,1,0.01
4282,0,1,0.01
4283,0,1,0.01
4284,0,1,0.01
4285,0,1,0.01
4286,0,1,0.01
4287,0,1,0.01
4288,0,1,0.01
4289,0,1,0.01
4290,0,1,0.01
4291,1,1,0.01
4292,1,1,0.01
4293,1,1,0.01
4294,1,1,0.01
4295,1,1,0.01
4296,1,1,0.01
4297,1,1,0.01
4298,1,1,0.01
4299,1,1,0.01
4300,1,1,0.01
4301,0,1,0.01
4302,0,1,0.01
4303,0,1,0.01
4304,0,1,0.01
4305,0,1,0.01
4306,0,1,0.01
4307,0,1,0.01
4308,0,1,0.01
4309,0,1,0.01
4310,0,1,0.01
4311,1,1,0.01
4312,1,1,0.01
4313,1,1,0.01
4314,1,1,0.01
4315,1,1,0.01
4316,1,1,0.01
4317,1,1,0.01
4318,1,1,0.01
4319,1,1,0.01
4320,1,1,0.01
4321,0,1,0.01
4322,0,1,0.01
4323,0,1,0.01
4324,0,1,0.01
4325,0,1,0.01
4326,0,1,0.01
4327,0,1,0.01
4328,0,1,0.01
4329,0,1,0.01
4330,0,1,0.01
4331,1,1,0.01
4332,1,1,0.01
4333,1,1,0.01
4334,1,1,0.01
4335,1,1,0.01
4336,1,1,0.01
4337,1,1,0.01
4338,1,1,0.01
4339,1,1,0.01
4340,1,1,0.01
4341,0,1,0.01
4342,0,1,0.01
4343,0,1,0.01
4344,0,1,0.01
4345,0,1,0.01
4346,0,1,0.01
4347,0,1,0.01
4348,0,1,0.01
4349,0,1,0.01
4350,0,1,0.01
4351,1,1,0.01
4352,1,1,0.01
4353,1,1,0.01
4354,1,1,0.01
4355,1,1,0.01
4356,1,1,0.01
4357,1,1,0.01
4358,1,1,0.01
4359,1,1,0.01
4360,1,1,0.01
4361,0,1,0.01
4362,0,1,0.01
4363,0,1,0.01
4364,0,1,0.01
4365,0,1,0.01
4366,0,1,0.01
4367,0,1,0.01
4368,0,1,0.01
4369,0,1,0.01
4370,0,1,0.01
4371,1,1,0.01
4372,1,1,0.01
4373,1,1,0.01
4374,1,1,0.01
4375,1,1,0.01
4376,1,1,0.02
4377,1,1,0.02
4378,1,1,0.02
4379,1,1,0.02
4380,1,1,0.02
4381,0,1,0.02
4382,0,1,0.02
4383,0,1,0.02
4384,0,1,0.02
4385,0,1,0.02
4386,0,1,0.02
4387,0,1,0.02
4388,0,1,0.02
4389,0,1,0.02
4390,0,1,0.02
4391,1,1,0.02
4392,1,1,0.02
4393,1,1,0.02
4394,1,1,0.02
4395,1,1,0.02
4396,1,1,0.02
4397,1,1,0.02
4398,1,1,0.02
4399,1,1,0.02
4400,1,1,0.02
4401,0,1,0.02
4402,0,1,0.02
4403,0,1,0.02
4404,0,1,0.02
4405,0,1,0.02
4406,0,1,0.02
4407,0,1,0.02
4408,0,1,0.02
4409,0,1,0.02
4410,0,1,0.02
4411,1,1,0.02
4412,1,1,0.02
4413,1,1,0.02
4414,1,1,0.02
4415,1,1,0.02
4416,1,1,0.02
4417,1,1,0.02
4418,1,1,0.02
4419,1,1,0.02
4420,1,1,0.02
4421,0,1,0.02
4422,0,1,0.02
4423,0,1,0.02
4424,0,1,0.02
4425,0,1,0.02
4426,0,1,0.02
4427,0,1,0.02
4428,0,1,0.02
4429,0,1,0.02
4430,0,1,0.02
4431,1,1,0.02
4432,1,1,0.02
4433,1,1,0.02
4434,1,1,0.02
4435,1,1,0.02
4436,1,1,0.02
4437,1,1,0.02
4438,1,1,0.02
4439,1,1,0.02
4440,1,1,0.02
4441,0,1,0.02
4442,0,1,0.02
4443,0,1,0.02
4444,0,1,0.02
4445,0,1,0.02
4446,0,1,0.02
4447,0,1,0.02
4448,0,1,0.02
4449,0,1,0.02
4450,0,1,0.02
4451,1,1,0.02
4452,1,1,0.02
4453,1,1,0.02
4454,1,1,0.02
4455,1,1,0.02
4456,1,1,0.02
4457,1,1,0.02
4458,1,1,0.02
4459,1,1,0.02
4460,1,1,0.02
4461,0,1,0.02
4462,0,1,0.02
4463,0,1,0.02
4464,0,1,0.02
4465,0,1,0.02
4466,0,1,0.02
4467,0,1,0.02
4468,0,1,0.02
4469,0,1,0.02
4470,0,1,0.02
4471,1,1,0.02
4472,1,1,0.02
4473,1,1,0.02
4474,1,1,0.02
4475,1,1,0.02
4476,1,1,0.02
4477,1,1,0.02
4478,1,1,0.02
4479,1,1,0.02
4480,1,1,0.02
4481,0,1,0.02
4482,0,1,0.02
4483,0,1,0.02
4484,0,1,0.02
4485,0,1,0.02
4486,0,1,0.02
4487,0,1,0.02
4488,0,1,0.02
4489,0,1,0.02
4490,0,1,0.02
4491,1,1,0.02
4492,1,1,0.02
4493,1,1,0.02
4494,1,1,0.02
4495,1,1,0.02
4496,1,1,0.02
4497,1,1,0.02
4498,1,1,0.02
4499,1,1,0.02
4500,1,1,0.02
4501,0,1,0.02
4502,0,1,0.02
4503,0,1,0.02
4504,0,1,0.02
4505,0,1,0.02
4506,0,1,0.02
4507,0,1,0.02
4508,0,1,0.02
4509,0,1,0.02
4510,0,1,0.02
4511,1,1,0.02
4512,1,1,0.02
4513,1,1,0.02
4514,1,1,0.02
4515,1,1,0.02
4516,1,1,0.02
4517,1,1,0.02
4518,1,1,0.02
4519,1,1,0.02
4520,1,1,0.02
4521,0,1,0.02
4522,0,1,0.02
4523,0,1,0.02
4524,0,1,0.02
4525,0,1,0.02
4526,0,1,0.02
4527,0,1,0.02
4528,0,1,0.02
4529,0,1,0.02
4530,0,1,0.02
4531,1,1,0.02
4532,1,1,0.02
4533,1,1,0.02
4534,1,1,0.02
4535,1,1,0.02
4536,1,1,0.02
4537,1,1,0.02
4538,1,1,0.02
4539,1,1,0.02
4540,1,1,0.02
4541,0,1,0.02
4542,0,1,0.02
4543,0,1,0.02
4544,0,1,0.02
4545,0,1,0.02
4546,0,1,0.02
4547,0,1,0.02
4548,0,1,0.02
4549,0,1,0.02
4550,0,1,0.02
4551,1,1,0.02
4552,1,1,0.02
4553,1,1,0.02
4554,1,1,0.02
4555,1,1,0.02
4556,1,1,0.02
4557,1,1,0.02
4558,1,1,0.02
4559,1,1,0.02
4560,1,1,0.02
4561,0,1,0.02
4562,0,1,0.02
4563,0,1,0.02
4564,0,1,0.02
4565,0,1,0.02
4566,0,1,0.02
4567,0,1,0.02
4568,0,1,0.02
4569,0,1,0.02
4570,0,1,0.02
4571,1,1,0.02
4572,1,1,0.02
4573,1,1,0.02
4574,1,1,0.02
4575,1,1,0.02
4576,1,1,0.02
4577,1,1,0.02
4578,1,1,0.02
4579,1,1,0.02
4580,1,1,0.02
4581,0,1,0.02
4582,0,1,0.02
4583,0,1,0.02
4584,0,1,0.02
4585,0,1,0.02
4586,0,1,0.02
4587,0,1,0.02
4588,0,1,0.02
4589,0,1,0.02
4590,0,1,0.02
4591,1,1,0.02
4592,1,1,0.02
4593,1,1,0.02
4594,1,1,0.02
4595,1,1,0.02
4596,1,1,0.02
4597,1,1,0.02
4598,1,1,0.02
4599,1,1,0.02
4600,1,1,0.02
4601,0,1,0.02
4602,0,1,0.02
4603,0,1,0.02
4604,0,1,0.02
4605,0,1,0.02
4606,0,1,0.02
4607,0,1,0.02
4608,0,1,0.02
4609,0,1,0.02
4610,0,1,0.02
4611,1,1,0.02
4612,1,1,0.02
4613,1,1,0.02
4614,1,1,0.02
4615,1,1,0.02
4616,1,1,0.02
4617,1,1,0.02
4618,1,1,0.02
4619,1,1,0.02
4620,1,1,0.02
4621,0,1,0.02
4622,0,1,0.02
4623,0,1,0.02
4624,0,1,0.02
4625,0,1,0.02
4626,0,1,0.02
4627,0,1,0.02
4628,0,1,0.02
4629,0,1,0.02
4630,0,1,0.02
4631,1,1,0.02
4632,1,1,0.02
4633,1,1,0.02
4634,1,1,0.02
4635,1,1,0.02
4636,1,1,0.02
4637,1,1,0.02
4638,1,1,0.02
4639,1,1,0.02
4640,1,1,0.02
4641,0,1,0.02
4642,0,1,0.02
4643,0,1,0.02
4644,0,1,0.02
4645,0,1,0.02
4646,0,1,0.02
4647,0,1,0.02
4648,0,1,0.02
4649,0,1,0.02
4650,0,1,0.02
4651,1,1,0.02
4652,1,1,0.02
4653,1,1,0.02
4654,1,1,0.02
4655,1,1,0.02
4656,1,1,0.02
4657,1,1,0.02
4658,1,1,0.02
4659,1,1,0.02
4660,1,1,0.02
4661,0,1,0.02
4662,0,1,0.02
4663,0,1,0.02
4664,0,1,0.02
4665,0,1,0.02
4666,0,1,0.02
4667,0,1,0.02
4668,0,1,0.02
4669,0,1,0.02
4670,0,1,0.02
4671,1,1,0.02
4672,1,1,0.02
4673,1,1,0.02
4674,1,1,0.02
4675,1,1,0.02
4676,1,1,0.02
4677,1,1,0.02
4678,1,1,0.02
4679,1,1,0.02
4680,1,1,0.02
4681,0,1,0.02
4682,0,1,0.02
4683,0,1,0.02
4684,0,1,0.02
4685,0,1,0.02
4686,0,1,0.02
4687,0,1,0.02
4688,0,1,0.02
4689,0,1,0.02
4690,0,1,0.02
4691,1,1,0.02
4692,1,1,0.02
4693,1,1,0.02
4694,1,1,0.02
4695,1,1,0.02
4696,1,1,0.02
4697,1,1,0.02
4698,1,1,0.02
4699,1,1,0.02
4700,1,1,0.02
4701,0,1,0.02
4702,0,1,0.02
4703,0,1,0.02
4704,0,1,0.02
4705,0,1,0.02
4706,0,1,0.02
4707,0,1,0.02
4708,0,1,0.02
4709,0,1,0.02
4710,0,1,0.02
4711,1,1,0.02
4712,1,1,0.02
4713,1,1,0.02
4714,1,1,0.02
4715,1,1,0.02
4716,1,1,0.02
4717,1,1,0.02
4718,1,1,0.02
4719,1,1,0.02
4720,1,1,0.02
4721,0,1,0.02
4722,0,1,0.02
4723,0,1,0.02
4724,0,1,0.02
4725,0,1,0.02
4726,0,1,0.02
4727,0,1,0.02
4728,0,1,0.02
4729,0,1,0.02
4730,0,1,0.02
4731,1,1,0.02
4732,1,1,0.02
4733,1,1,0.02
4734,1,1,0.02
4735,1,1,0.02
4736,1,1,0.02
4737,1,1,0.02
4738,1,1,0.02
4739,1,1,0.02
4740,1,1,0.02
4741,0,1,0.02
4742,0,1,0.02
4743,0,1,0.02
4744,0,1,0.02
4745,0,1,0.02
4746,0,1,0.02
4747,0,1,0.02
4748,0,1,0.02
4749,0,1,0.02
4750,0,1,0.02
4751,1,1,0.02
4752,1,1,0.02
4753,1,1,0.02
4754,1,1,0.02
4755,1,1,0.02
4756,1,1,0.02
4757,1,1,0.02
4758,1,1,0.02
4759,1,1,0.02
4760,1,1,0.02
4761,0,1,0.02
4762,0,1,0.02
4763,0,1,0.02
4764,0,1,0.02
4765,0,1,0.02
4766,0,1,0.02
4767,0,1,0.02
4768,0,1,0.02
4769,0,1,0.02
4770,0,1,0.02
4771,1,1,0.02
4772,1,1,0.02
4773,1,1,0.02
4774,1,1,0.02
4775,1,1,0.02
4776,1,1,0.02
4777,1,1,0.02
4778,1,1,0.02
4779,1,1,0.02
4780,1,1,0.02
4781,0,1,0.02
4782,0,1,0.02
4783,0,1,0.02
4784,0,1,0.02
4785,0,1,0.02
4786,0,1,0.02
4787,0,1,0.02
4788,0,1,0.02
4789,0,1,0.02
4790,0,1,0.02
4791,1,1,0.02
4792,1,1,0.02
4793,1,1,0.02
4794,1,1,0.02
4795,1,1,0.02
4796,1,1,0.02
4797,1,1,0.02
4798,1,1,0.02
4799,1,1,0.02
4800,1,1,0.02
4801,0,1,0.02
4802,0,1,0.02
4803,0,1,0.02
4804,0,1,0.02
4805,0,1,0.02
4806,0,1,0.02
4807,0,1,0.02
4808,0,1,0.02
4809,0,1,0.02
4810,0,1,0.02
4811,1,1,0.02
4812,1,1,0.02
4813,1,1,0.02
4814,1,1,0.02
4815,1,1,0.02
4816,1,1,0.02
4817,1,1,0.02
4818,1,1,0.02
4819,1,1,0.02
4820,1,1,0.02
4821,0,1,0.02
4822,0,1,0.02
4823,0,1,0.02
4824,0,1,0.02
4825,0,1,0.02
4826,0,1,0.02
4827,0,1,0.02
4828,0,1,0.02
4829,0,1,0.02
4830,0,1,0.02
4831,1,1,0.02
4832,1,1,0.02
4833,1,1,0.02
4834,1,1,0.02
4835,1,1,0.02
4836,1,1,0.02
4837,1,1,0.02
4838,1,1,0.02
4839,1,1,0.02
4840,1,1,0.02
4841,0,1,0.02
4842,0,1,0.02
4843,0,1,0.02
4844,0,1,0.02
4845,0,1,0.02
4846,0,1,0.02
4847,0,1,0.02
4848,0,1,0.02
4849,0,1,0.02
4850,0,1,0.02
4851,1,1,0.02
4852,1,1,0.02
4853,1,1,0.02
4854,1,1,0.02
4855,1,1,0.02
4856,1,1,0.02
4857,1,1,0.02
4858,1,1,0.02
4859,1,1,0.02
4860,1,1,0.02
4861,0,1,0.02
4862,0,1,0.02
4863,0,1,0.02
4864,0,1,0.02
4865,0,1,0.02
4866,0,1,0.02
4867,0,1,0.02
4868,0,1,0.02
4869,0,1,0.02
4870,0,1,0.02
4871,1,1,0.02
4872,1,1,0.02
4873,1,1,0.02
4874,1,1,0.02
4875,1,1,0.02
4876,1,1,0.02
4877,1,1,0.02
4878,1,1,0.02
4879,1,1,0.02
4880,1,1,0.02
4881,0,1,0.02
4882,0,1,0.02
4883,0,1,0.02
4884,0,1,0.02
4885,0,1,0.02
4886,0,1,0.02
4887,0,1,0.02
4888,0,1,0.02
4889,0,1,0.02
4890,0,1,0.02
4891,1,1,0.02
4892,1,1,0.02
4893,1,1,0.02
4894,1,1,0.02
4895,1,1,0.02
4896,1,1,0.02
4897,1,1,0.02
4898,1,1,0.02
4899,1,1,0.02
4900,1,1,0.02
4901,0,1,0.02
4902,0,1,0.02
4903,0,1,0.02
4904,0,1,0.02
4905,0,1,0.02
4906,0,1,0.02
4907,0,1,0.02
4908,0,1,0.02
4909,0,1,0.02
4910,0,1,0.02
4911,1,1,0.02
4912,1,1,0.02
4913,1,1,0.02
4914,1,1,0.02
4915,1,1,0.02
4916,1,1,0.02
4917,1,1,0.02
4918,1,1,0.02
4919,1,1,0.02
4920,1,1,0.02
4921,0,1,0.02
4922,0,1,0.02
4923,0,1,0.02
4924,0,1,0.02
4925,0,1,0.02
4926,0,1,0.02
4927,0,1,0.02
4928,0,1,0.02
4929,0,1,0.02
4930,0,1,0.02
4931,1,1,0.02
4932,1,1,0.02
4933,1,1,0.02
4934,1,1,0.02
4935,1,1,0.02
4936,1,1,0.02
4937,1,1,0.02
4938,1,1,0.02
4939,1,1,0.02
4940,1,1,0.02
4941,0,1,0.02
4942,0,1,0.02
4943,0,1,0.02
4944,0,1,0.02
4945,0,1,0.02
4946,0,1,0.02
4947,0,1,0.02
4948,0,1,0.02
4949,0,1,0.02
4950,0,1,0.02
4951,1,1,0.02
4952,1,1,0.02
4953,1,1,0.02
4954,1,1,0.02
4955,1,1,0.02
4956,1,1,0.02
4957,1,1,0.02
4958,1,1,0.02
4959,1,1,0.02
4960,1,1,0.02
4961,0,1,0.02
4962,0,1,0.02
4963,0,1,0.02
4964,0,1,0.02
4965,0,1,0.02
4966,0,1,0.02
4967,0,1,0.02
4968,0,1,0.02
4969,0,1,0.02
4970,0,1,0.02
4971,1,1,0.02
4972,1,1,0.02
4973,1,1,0.02
4974,1,1,0.02
4975,1,1,0.02
4976,1,1,0.02
4977,1,1,0.02
4978,1,1,0.02
4979,1,1,0.02
4980,1,1,0.02
4981,0,1,0.02
4982,0,1,0.02
4983,0,1,0.02
4984,0,1,0.02
4985,0,1,0.02
4986,0,1,0.02
4987,0,1,0.02
4988,0,1,0.02
4989,0,1,0.02
4990,0,1,0.02
4991,1,1,0.02
4992,1,1,0.02
4993,1,1,0.02
4994,1,1,0.02
4995,1,1,0.02
4996,1,1,0.02
4997,1,1,0.02
4998,1,1,0.02
4999,1,1,0.02
5000,1,1,0.02
5001,0,1,0.02
5002,0,1,0.02
5003,0,1,0.02
5004,0,1,0.02
5005,0,1,0.02
5006,0,1,0.02
5007,0,1,0.02
5008,0,1,0.02
5009,0,1,0.02
5010,0,1,0.02
5011,1,1,0.02
5012,1,1,0.02
5013,1,1,0.02
5014,1,1,0.02
5015,1,1,0.02
5016,1,1,0.02
5017,1,1,0.02
5018,1,1,0.02
5019,1,1,0.02
5020,1,1,0.02
5021,0,1,0.02
5022,0,1,0.02
5023,0,1,0.02
5024,0,1,0.02
5025,0,1,0.02
5026,0,1,0.02
5027,0,1,0.02
5028,0,1,0.02
5029,0,1,0.02
5030,0,1,0.02
5031,1,1,0.02
5032,1,1,0.02
5033,1,1,0.02
5034,1,1,0.02
5035,1,1,0.02
5036,1,1,0.02
5037,1,1,0.02
5038,1,1,0.02
5039,1,1,0.02
5040,1,1,0.02
5041,0,1,0.02
5042,0,1,0.02
5043,0,1,0.02
5044,0,1,0.02
5045,0,1,0.02
5046,0,1,0.02
5047,0,1,0.02
5048,0,1,0.02
5049,0,1,0.02
5050,0,1,0.02
5051,1,1,0.02
5052,1,1,0.02
5053,1,1,0.02
5054,1,1,0.02
5055,1,1,0.02
5056,1,1,0.02
5057,1,1,0.02
5058,1,1,0.02
5059,1,1,0.02
5060,1,1,0.02
5061,0,1,0.02
5062,0,1,0.02
5063,0,1,0.02
5064,0,1,0.02
5065,0,1,0.02
5066,0,1,0.02
5067,0,1,0.02
5068,0,1,0.02
5069,0,1,0.02
5070,0,1,0.02
5071,1,1,0.02
5072,1,1,0.02
5073,1,1,0.02
5074,1,1,0.02
5075,1,1,0.02
5076,1,1,0.02
5077,1,1,0.02
5078,1,1,0.02
5079,1,1,0.02
5080,1,1,0.02
5081,0,1,0.02
5082,0,1,0.02
5083,0,1,0.02
5084,0,1,0.02
5085,0,1,0.02
5086,0,1,0.02
5087,0,1,0.02
5088,0,1,0.02
5089,0,1,0.02
5090,0,1,0.02
5091,1,1,0.02
5092,1,1,0.02
5093,1,1,0.02
5094,1,1,0.02
5095,1,1,0.02
5096,1,1,0.02
5097,1,1,0.02
5098,1,1,0.02
5099,1,1,0.02
5100,1,1,0.02
5101,0,1,0.02
5102,0,1,0.02
5103,0,1,0.02
5104,0,1,0.02
5105,0,1,0.02
5106,0,1,0.02
5107,0,1,0.02
5108,0,1,0.02
5109,0,1,0.02
5110,0,1,0.02
5111,1,1,0.02
5112,1,1,0.02
5113,1,1,0.02
5114,1,1,0.02
5115,1,1,0.02
5116,1,1,0.02
5117,1,1,0.02
5118,1,1,0.02
5119,1,1,0.02
5120,1,1,0.02
5121,0,1,0.02
5122,0,1,0.02
5123,0,1,0.02
5124,0,1,0.02
5125,0,1,0.02
5126,0,1,0.02
5127,0,1,0.02
5128,0,1,0.02
5129,0,1,0.02
5130,0,1,0.02
5131,1,1,0.02
5132,1,1,0.02
5133,1,1,0.02
5134,1,1,0.02
5135,1,1,0.02
5136,1,1,0.02
5137,1,1,0.02
5138,1,1,0.02
5139,1,1,0.02
5140,1,1,0.02
5141,0,1,0.02
5142,0,1,0.02
5143,0,1,0.02
5144,0,1,0.02
5145,0,1,0.02
5146,0,1,0.02
5147,0,1,0.02
5148,0,1,0.02
5149,0,1,0.02
5150,0,1,0.02
5151,1,1,0.02
5152,1,1,0.02
5153,1,1,0.02
5154,1,1,0.02
5155,1,1,0.02
5156,1,1,0.02
5157,1,1,0.02
5158,1,1,0.02
5159,1,1,0.02
5160,1,1,0.02
5161,0,1,0.02
5162,0,1,0.02
5163,0,1,0.02
5164,0,1,0.02
5165,0,1,0.02
5166,0,1,0.02
5167,0,1,0.02
5168,0,1,0.02
5169,0,1,0.02
5170,0,1,0.02
5171,1,1,0.02
5172,1,1,0.02
5173,1,1,0.02
5174,1,1,0.02
5175,1,1,0.02
5176,1,1,0.02
5177,1,1,0.02
5178,1,1,0.02
5179,1,1,0.02
5180,1,1,0.02
5181,0,1,0.02
5182,0,1,0.02
5183,0,1,0.02
5184,0,1,0.02
5185,0,1,0.02
5186,0,1,0.02
5187,0,1,0.02
5188,0,1,0.02
5189,0,1,0.02
5190,0,1,0.02
5191,1,1,0.02
5192,1,1,0.02
5193,1,1,0.02
5194,1,1,0.02
5195,1,1,0.02
5196,1,1,0.02
5197,1,1,0.02
5198,1,1,0.02
5199,1,1,0.02
5200,1,1,0.02
5201,0,1,0.02
5202,0,1,0.02
5203,0,1,0.02
5204,0,1,0.02
5205,0,1,0.02
5206,0,1,0.02
5207,0,1,0.02
5208,0,1,0.02
5209,0,1,0.02
5210,0,1,0.02
5211,1,1,0.02
5212,1,1,0.02
5213,1,1,0.02
5214,1,1,0.02
5215,1,1,0.02
5216,1,1,0.02
5217,1,1,0.02
5218,1,1,0.02
5219,1,1,0.02
5220,1,1,0.02
5221,0,1,0.02
5222,0,1,0.02
5223,0,1,0.02
5224,0,1,0.02
5225,0,1,0.02
5226,0,1,0.02
5227,0,1,0.02
5228,0,1,0.02
5229,0,1,0.02
5230,0,1,0.02
5231,1,1,0.02
5232,1,1,0.02
5233,1,1,0.02
5234,1,1,0.02
5235,1,1,0.02
5236,1,1,0.02
5237,1,1,0.02
5238,1,1,0.02
5239,1,1,0.02
5240,1,1,0.02
5241,0,1,0.02
5242,0,1,0.02
5243,0,1,0.02
5244,0,1,0.02
5245,0,1,0.02
5246,0,1,0.02
5247,0,1,0.02
5248,0,1,0.02
5249,0,1,0.02
5250,0,1,0.02
5251,1,1,0.02
5252,1,1,0.02
5253,1,1,0.02
5254,1,1,0.02
5255,1,1,0.02
5256,1,1,0.02
5257,1,1,0.02
5258,1,1,0.02
5259,1,1,0.02
5260,1,1,0.02
5261,0,1,0.02
5262,0,1,0.02
5263,0,1,0.02
5264,0,1,0.02
5265,0,1,0.02
5266,0,1,0.02
5267,0,1,0.02
5268,0,1,0.02
5269,0,1,0.02
5270,0,1,0.02
5271,1,1,0.02
5272,1,1,0.02
5273,1,1,0.02
5274,1,1,0.02
5275,1,1,0.02
5276,1,1,0.02
5277,1,1,0.02
5278,1,1,0.02
5279,1,1,0.02
5280,1,1,0.02
5281,0,1,0.02
5282,0,1,0.02
5283,0,1,0.02
5284,0,1,0.02
5285,0,1,0.02
5286,0,1,0.02
5287,0,1,0.02
5288,0,1,0.02
5289,0,1,0.02
5290,0,1,0.02
5291,1,1,0.02
5292,1,1,0.02
5293,1,1,0.02
5294,1,1,0.02
5295,1,1,0.02
5296,1,1,0.02
5297,1,1,0.02
5298,1,1,0.02
5299,1,1,0.02
5300,1,1,0.02
5301,0,1,0.02
5302,0,1,0.02
5303,0,1,0.02
5304,0,1,0.02
5305,0,1,0.02
5306,0,1,0.02
5307,0,1,0.02
5308,0,1,0.02
5309,0,1,0.02
5310,0,1,0.02
5311,1,1,0.02
5312,1,1,0.02
5313,1,1,0.02
5314,1,1,0.02
5315,1,1,0.02
5316,1,1,0.02
5317,1,1,0.02
5318,1,1,0.02
5319,1,1,0.02
5320,1,1,0.02
5321,0,1,0.02
5322,0,1,0.02
5323,0,1,0.02
5324,0,1,0.02
5325,0,1,0.02
5326,0,1,0.02
5327,0,1,0.02
5328,0,1,0.02
5329,0,1,0.02
5330,0,1,0.02
5331,1,1,0.02
5332,1,1,0.02
5333,1,1,0.02
5334,1,1,0.02
5335,1,1,0.02
5336,1,1,0.02
5337,1,1,0.02
5338,1,1,0.02
5339,1,1,0.02
5340,1,1,0.02
5341,0,1,0.02
5342,0,1,0.02
5343,0,1,0.02
5344,0,1,0.02
5345,0,1,0.02
5346,0,1,0.02
5347,0,1,0.02
5348,0,1,0.02
5349,0,1,0.02
5350,0,1,0.02
5351,1,1,0.02
5352,1,1,0.02
5353,1,1,0.02
5354,1,1,0.02
5355,1,1,0.02
5356,1,1,0.02
5357,1,1,0.02
5358,1,1,0.02
5359,1,1,0.02
5360,1,1,0.02
5361,0,1,0.02
5362,0,1,0.02
5363,0,1,0.02
5364,0,1,0.02
5365,0,1,0.02
5366,0,1,0.02
5367,0,1,0.02
5368,0,1,0.02
5369,0,1,0.02
5370,0,1,0.02
5371,1,1,0.02
5372,1,1,0.02
5373,1,1,0.02
5374,1,1,0.02
5375,1,1,0.02
5376,1,1,0.02
5377,1,1,0.02
5378,1,1,0.02
5379,1,1,0.02
5380,1,1,0.02
5381,0,1,0.02
5382,0,1,0.02
5383,0,1,0.02
5384,0,1,0.02
5385,0,1,0.02
5386,0,1,0.02
5387,0,1,0.02
5388,0,1,0.02
5389,0,1,0.02
5390,0,1,0.02
5391,1,1,0.02
5392,1,1,0.02
5393,1,1,0.02
5394,1,1,0.02
5395,1,1,0.02
5396,1,1,0.02
5397,1,1,0.02
5398,1,1,0.02
5399,1,1,0.02
5400,1,1,0.02
5401,0,1,0.02
5402,0,1,0.02
5403,0,1,0.02
5404,0,1,0.02
5405,0,1,0.02
5406,0,1,0.02
5407,0,1,0.02
5408,0,1,0.02
5409,0,1,0.02
5410,0,1,0.02
5411,1,1,0.02
5412,1,1,0.02
5413,1,1,0.02
5414,1,1,0.02
5415,1,1,0.02
5416,1,1,0.02
5417,1,1,0.02
5418,1,1,0.02
5419,1,1,0.02
5420,1,1,0.02
5421,0,1,0.02
5422,0,1,0.02
5423,0,1,0.02
5424,0,1,0.02
5425,0,1,0.02
5426,0,1,0.02
5427,0,1,0.02
5428,0,1,0.02
5429,0,1,0.02
5430,0,1,0.02
5431,1,1,0.02
5432,1,1,0.02
5433,1,1,0.02
5434,1,1,0.02
5435,1,1,0.02
5436,1,1,0.02
5437,1,1,0.02
5438,1,1,0.02
5439,1,1,0.02
5440,1,1,0.02
5441,0,1,0.02
5442,0,1,0.02
5443,0,1,0.02
5444,0,1,0.02
5445,0,1,0.02
5446,0,1,0.02
5447,0,1,0.02
5448,0,1,0.02
5449,0,1,0.02
5450,0,1,0.02
5451,1,1,0.02
5452,1,1,0.02
5453,1,1,0.02
5454,1,1,0.02
5455,1,1,0.02
5456,1,1,0.02
5457,1,1,0.02
5458,1,1,0.02
5459,1,1,0.02
5460,1,1,0.02
5461,0,1,0.02
5462,0,1,0.02
5463,0,1,0.02
5464,0,1,0.02
5465,0,1,0.02
5466,0,1,0.02
5467,0,1,0.02
5468,0,1,0.02
5469,0,1,0.02
5470,0,1,0.02
5471,1,1,0.02
5472,1,1,0.02
5473,1,1,0.02
5474,1,1,0.02
5475,1,1,0.02
5476,1,1,0.02
5477,1,1,0.02
5478,1,1,0.02
5479,1,1,0.02
5480,1,1,0.02
5481,0,1,0.02
5482,0,1,0.02
5483,0,1,0.02
5484,0,1,0.02
5485,0,1,0.02
5486,0,1,0.02
5487,0,1,0.02
5488,0,1,0.02
5489,0,1,0.02
5490,0,1,0.02
5491,1,1,0.02
5492,1,1,0.02
5493,1,1,0.02
5494,1,1,0.02
5495,1,1,0.02
5496,1,1,0.02
5497,1,1,0.02
5498,1,1,0.02
5499,1,1,0.02
5500,1,1,0.02
5501,0,1,0.02
5502,0,1,0.02
5503,0,1,0.02
5504,0,1,0.02
5505,0,1,0.02
5506,0,1,0.02
5507,0,1,0.02
5508,0,1,0.02
5509,0,1,0.02
5510,0,1,0.02
5511,1,1,0.02
5512,1,1,0.02
5513,1,1,0.02
5514,1,1,0.02
5515,1,1,0.02
5516,1,1,0.02
5517,1,1,0.02
5518,1,1,0.02
5519,1,1,0.02
5520,1,1,0.02
5521,0,1,0.02
5522,0,1,0.02
5523,0,1,0.02
5524,0,1,0.02
5525,0,1,0.02
5526,0,1,0.02
5527,0,1,0.02
5528,0,1,0.02
5529,0,1,0.02
5530,0,1,0.02
5531,1,1,0.02
5532,1,1,0.02
5533,1,1,0.02
5534,1,1,0.02
5535,1,1,0.02
5536,1,1,0.02
5537,1,1,0.02
5538,1,1,0.02
5539,1,1,0.02
5540,1,1,0.02
5541,0,1,0.02
5542,0,1,0.02
5543,0,1,0.02
5544,0,1,0.02
5545,0,1,0.02
5546,0,1,0.02
5547,0,1,0.02
5548,0,1,0.02
5549,0,1,0.02
5550,0,1,0.02
5551,1,1,0.02
5552,1,1,0.02
5553,1,1,0.02
5554,1,1,0.02
5555,1,1,0.02
5556,1,1,0.02
5557,1,1,0.02
5558,1,1,0.02
5559,1,1,0.02
5560,1,1,0.02
5561,0,1,0.02
5562,0,1,0.02
5563,0,1,0.02
5564,0,1,0.02
5565,0,1,0.02
5566,0,1,0.02
5567,0,1,0.02
5568,0,1,0.02
5569,0,1,0.02
5570,0,1,0.02
5571,1,1,0.02
5572,1,1,0.02
5573,1,1,0.02
5574,1,1,0.02
5575,1,1,0.02
5576,1,1,0.02
5577,1,1,0.02
5578,1,1,0.02
5579,1,1,0.02
5580,1,1,0.02
5581,0,1,0.02
5582,0,1,0.02
5583,0,1,0.02
5584,0,1,0.02
5585,0,1,0.02
5586,0,1,0.02
5587,0,1,0.02
5588,0,1,0.02
5589,0,1,0.02
5590,0,1,0.02
5591,1,1,0.02
5592,1,1,0.02
5593,1,1,0.02
5594,1,1,0.02
5595,1,1,0.02
5596,1,1,0.02
5597,1,1,0.02
5598,1,1,0.02
5599,1,1,0.02
5600,1,1,0.02
5601,0,1,0.02
5602,0,1,0.02
5603,0,1,0.02
5604,0,1,0.02
5605,0,1,0.02
5606,0,1,0.02
5607,0,1,0.02
5608,0,1,0.02
5609,0,1,0.02
5610,0,1,0.02
5611,1,1,0.02
5612,1,1,0.02
5613,1,1,0.02
5614,1,1,0.02
5615,1,1,0.02
5616,1,1,0.02
5617,1,1,0.02
5618,1,1,0.02
5619,1,1,0.02
5620,1,1,0.02
5621,0,1,0.02
5622,0,1,0.02
5623,0,1,0.02
5624,0,1,0.02
5625,0,1,0.02
5626,0,1,0.02
5627,0,1,0.02
5628,0,1,0.02
5629,0,1,0.02
5630,0,1,0.02
5631,1,1,0.02
5632,1,1,0.02
5633,1,1,0.02
5634,1,1,0.02
5635,1,1,0.02
5636,1,1,0.02
5637,1,1,0.02
5638,1,1,0.02
5639,1,1,0.02
5640,1,1,0.02
5641,0,1,0.02
5642,0,1,0.02
5643,0,1,0.02
5644,0,1,0.02
5645,0,1,0.02
5646,0,1,0.02
5647,0,1,0.02
5648,0,1,0.02
5649,0,1,0.02
5650,0,1,0.02
5651,1,1,0.02
5652,1,1,0.02
5653,1,1,0.02
5654,1,1,0.02
5655,1,1,0.02
5656,1,1,0.02
5657,1,1,0.02
5658,1,1,0.02
5659,1,1,0.02
5660,1,1,0.02
5661,0,1,0.02
5662,0,1,0.02
5663,0,1,0.02
5664,0,1,0.02
5665,0,1,0.02
5666,0,1,0.02
5667,0,1,0.02
5668,0,1,0.02
5669,0,1,0.02
5670,0,1,0.02
5671,1,1,0.02
5672,1,1,0.02
5673,1,1,0.02
5674,1,1,0.02
5675,1,1,0.02
5676,1,1,0.02
5677,1,1,0.02
5678,1,1,0.02
5679,1,1,0.02
5680,1,1,0.02
5681,0,1,0.02
5682,0,1,0.02
5683,0,1,0.02
5684,0,1,0.02
5685,0,1,0.02
5686,0,1,0.02
5687,0,1,0.02
5688,0,1,0.02
5689,0,1,0.02
5690,0,1,0.02
5691,1,1,0.02
5692,1,1,0.02
5693,1,1,0.02
5694,1,1,0.02
5695,1,1,0.02
5696,1,1,0.02
5697,1,1,0.02
5698,1,1,0.02
5699,1,1,0.02
5700,1,1,0.02
5701,0,1,0.02
5702,0,1,0.02
5703,0,1,0.02
5704,0,1,0.02
5705,0,1,0.02
5706,0,1,0.02
5707,0,1,0.02
5708,0,1,0.02
5709,0,1,0.02
5710,0,1,0.02
5711,1,1,0.02
5712,1,1,0.02
5713,1,1,0.02
5714,1,1,0.02
5715,1,1,0.02
5716,1,1,0.02
5717,1,1,0.02
5718,1,1,0.02
5719,1,1,0.02
5720,1,1,0.02
5721,0,1,0.02
5722,0,1,0.02
5723,0,1,0.02
5724,0,1,0.02
5725,0,1,0.02
5726,0,1,0.02
5727,0,1,0.02
5728,0,1,0.02
5729,0,1,0.02
5730,0,1,0.02
5731,1,1,0.02
5732,1,1,0.02
5733,1,1,0.02
5734,1,1,0.02
5735,1,1,0.02
5736,1,1,0.02
5737,1,1,0.02
5738,1,1,0.02
5739,1,1,0.02
5740,1,1,0.02
5741,0,1,0.02
5742,0,1,0.02
5743,0,1,0.02
5744,0,1,0.02
5745,0,1,0.02
5746,0,1,0.02
5747,0,1,0.02
5748,0,1,0.02
5749,0,1,0.02
5750,0,1,0.02
5751,1,1,0.02
5752,1,1,0.02
5753,1,1,0.02
5754,1,1,0.02
5755,1,1,0.02
5756,1,1,0.02
5757,1,1,0.02
5758,1,1,0.02
5759,1,1,0.02
5760,1,1,0.02
5761,0,1,0.02
5762,0,1,0.02
5763,0,1,0.02
5764,0,1,0.02
5765,0,1,0.02
5766,0,1,0.02
5767,0,1,0.02
5768,0,1,0.02
5769,0,1,0.02
5770,0,1,0.02
5771,1,1,0.02
5772,1,1,0.02
5773,1,1,0.02
5774,1,1,0.02
5775,1,1,0.02
5776,1,1,0.02
5777,1,1,0.02
5778,1,1,0.02
5779,1,1,0.02
5780,1,1,0.02
5781,0,1,0.02
5782,0,1,0.02
5783,0,1,0.02
5784,0,1,0.02
5785,0,1,0.02
5786,0,1,0.02
5787,0,1,0.02
5788,0,1,0.02
5789,0,1,0.02
5790,0,1,0.02
5791,1,1,0.02
5792,1,1,0.02
5793,1,1,0.02
5794,1,1,0.02
5795,1,1,0.02
5796,1,1,0.02
5797,1,1,0.02
5798,1,1,0.02
5799,1,1,0.02
5800,1,1,0.02
5801,0,1,0.02
5802,0,1,0.02
5803,0,1,0.02
5804,0,1,0.02
5805,0,1,0.02
5806,0,1,0.02
5807,0,1,0.02
5808,0,1,0.02
5809,0,1,0.02
5810,0,1,0.02
5811,1,1,0.02
5812,1,1,0.02
5813,1,1,0.02
5814,1,1,0.02
5815,1,1,0.02
5816,1,1,0.02
5817,1,1,0.02
5818,1,1,0.02
5819,1,1,0.02
5820,1,1,0.02
5821,0,1,0.02
5822,0,1,0.02
5823,0,1,0.02
5824,0,1,0.02
5825,0,1,0.02
5826,0,1,0.02
5827,0,1,0.02
5828,0,1,0.02
5829,0,1,0.02
5830,0,1,0.02
5831,1,1,0.02
5832,1,1,0.02
5833,1,1,0.02
5834,1,1,0.02
5835,1,1,0.02
5836,1,1,0.02
5837,1,1,0.02
5838,1,1,0.02
5839,1,1,0.02
5840,1,1,0.02
5841,0,1,0.02
5842,0,1,0.02
5843,0,1,0.02
5844,0,1,0.02
5845,0,1,0.02
5846,0,1,0.02
5847,0,1,0.02
5848,0,1,0.02
5849,0,1,0.02
5850,0,1,0.02
5851,1,1,0.02
5852,1,1,0.02
5853,1,1,0.02
5854,1,1,0.02
5855,1,1,0.02
5856,1,1,0.02
5857,1,1,0.02
5858,1,1,0.02
5859,1,1,0.02
5860,1,1,0.02
5861,0,1,0.02
5862,0,1,0.02
5863,0,1,0.02
5864,0,1,0.02
5865,0,1,0.02
5866,0,1,0.02
5867,0,1,0.02
5868,0,1,0.02
5869,0,1,0.02
5870,0,1,0.02
5871,1,1,0.02
5872,1,1,0.02
5873,1,1,0.02
5874,1,1,0.02
5875,1,1,0.02
5876,1,1,0.02
5877,1,1,0.02
5878,1,1,0.02
5879,1,1,0.02
5880,1,1,0.02
5881,0,1,0.02
5882,0,1,0.02
5883,0,1,0.02
5884,0,1,0.02
5885,0,1,0.02
5886,0,1,0.02
5887,0,1,0.02
5888,0,1,0.02
5889,0,1,0.02
5890,0,1,0.02
5891,1,1,0.02
5892,1,1,0.02
5893,1,1,0.02
5894,1,1,0.02
5895,1,1,0.02
5896,1,1,0.02
5897,1,1,0.02
5898,1,1,0.02
5899,1,1,0.02
5900,1,1,0.02
5901,0,1,0.02
5902,0,1,0.02
5903,0,1,0.02
5904,0,1,0.02
5905,0,1,0.02
5906,0,1,0.02
5907,0,1,0.02
5908,0,1,0.02
5909,0,1,0.02
5910,0,1,0.02
5911,1,1,0.02
5912,1,1,0.02
5913,1,1,0.02
5914,1,1,0.02
5915,1,1,0.02
5916,1,1,0.02
5917,1,1,0.02
5918,1,1,0.02
5919,1,1,0.02
5920,1,1,0.02
5921,0,1,0.02
5922,0,1,0.02
5923,0,1,0.02
5924,0,1,0.02
5925,0,1,0.02
5926,0,1,0.02
5927,0,1,0.02
5928,0,1,0.02
5929,0,1,0.02
5930,0,1,0.02
5931,1,1,0.02
5932,1,1,0.02
5933,1,1,0.02
5934,1,1,0.02
5935,1,1,0.02
5936,1,1,0.02
5937,1,1,0.02
5938,1,1,0.02
5939,1,1,0.02
5940,1,1,0.02
5941,0,1,0.02
5942,0,1,0.02
5943,0,1,0.02
5944,0,1,0.02
5945,0,1,0.02
5946,0,1,0.02
5947,0,1,0.02
5948,0,1,0.02
5949,0,1,0.02
5950,0,1,0.02
5951,1,1,0.02
5952,1,1,0.02
5953,1,1,0.02
5954,1,1,0.02
5955,1,1,0.02
5956,1,1,0.02
5957,1,1,0.02
5958,1,1,0.02
5959,1,1,0.02
5960,1,1,0.02
5961,0,1,0.02
5962,0,1,0.02
5963,0,1,0.02
5964,0,1,0.02
5965,0,1,0.02
5966,0,1,0.02
5967,0,1,0.02
5968,0,1,0.02
5969,0,1,0.02
5970,0,1,0.02
5971,1,1,0.02
5972,1,1,0.02
5973,1,1,0.02
5974,1,1,0.02
5975,1,1,0.02
5976,1,1,0.02
5977,1,1,0.02
5978,1,1,0.02
5979,1,1,0.02
5980,1,1,0.02
5981,0,1,0.02
5982,0,1,0.02
5983,0,1,0.02
5984,0,1,0.02
5985,0,1,0.02
5986,0,1,0.02
5987,0,1,0.02
5988,0,1,0.02
5989,0,1,0.02
5990,0,1,0.02
5991,1,1,0.02
5992,1,1,0.02
5993,1,1,0.02
5994,1,1,0.02
5995,1,1,0.02
5996,1,1,0.02
5997,1,1,0.02
5998,1,1,0.02
5999,1,1,0.02
6000,1,1,0.02
6001,0,1,0.02
6002,0,1,0.02
6003,0,1,0.02
6004,0,1,0.02
6005,0,1,0.02
6006,0,1,0.02
6007,0,1,0.02
6008,0,1,0.02
6009,0,1,0.02
6010,0,1,0.02
6011,1,1,0.02
6012,1,1,0.02
6013,1,1,0.02
6014,1,1,0.02
6015,1,1,0.02
6016,1,1,0.02
6017,1,1,0.02
6018,1,1,0.02
6019,1,1,0.02
6020,1,1,0.02
6021,0,1,0.02
6022,0,1,0.02
6023,0,1,0.02
6024,0,1,0.02
6025,0,1,0.02
6026,0,1,0.02
6027,0,1,0.02
6028,0,1,0.02
6029,0,1,0.02
6030,0,1,0.02
6031,1,1,0.02
6032,1,1,0.02